,Persuadables (Target),Others,Diff %
f6,-7.434163,-3.578305,-107.75655
f9,28.205729,13.868411,103.38111
f3,2.499667,4.475746,-44.150833
f0,16.140537,20.236778,-20.241568
f7,5.6468945,5.0056934,12.809435
f11,-0.18288417,-0.16884267,-8.316321
f5,3.778769,4.072621,-7.215301
f10,5.5181518,5.3007064,4.102196
f4,10.653178,10.283054,3.5993571
f8,3.8397942,3.9501736,-2.7942939
f1,10.115576,10.061956,0.5328922
f2,8.478087,8.441123,0.43790877
