,Persuadables (Target),Others,Diff %
f6,-7.403985,-3.5826418,-106.66271
f9,28.35818,13.855975,104.663895
f3,2.5719435,4.46124,-42.34913
f0,16.157684,20.23459,-20.148203
f7,5.620452,5.0097632,12.189971
f11,-0.18273394,-0.16888425,-8.2007
f5,3.7806041,4.0721045,-7.1584687
f10,5.518293,5.300754,4.1039224
f4,10.650485,10.283776,3.565896
f8,3.838627,3.9503503,-2.8281844
f1,10.115794,10.061891,0.5357202
f2,8.47388,8.441515,0.38340092
